{
  "project_info": {
    "project_number": "670511309643",
    "project_id": "bitwise-46610",
    "storage_bucket": "bitwise-46610.appspot.com"
  },
  "client": [
    {
      "client_info": {
        "mobilesdk_app_id": "1:670511309643:android:c14d57fc2fa5d439807ece",
        "android_client_info": {
          "package_name": "com.example.bitwise"
        }
      },
      "oauth_client": [
        {
          "client_id": "670511309643-s5mgl2vc9atd0qjdpju3n40jmrblfdt7.apps.googleusercontent.com",
          "client_type": 3
        }
      ],
      "api_key": [
        {
          "current_key": "AIzaSyAxv4b20Cxe-tq1LZ5ZUHKp7i4kUDUDcwc"
        }
      ],
      "services": {
        "appinvite_service": {
          "other_platform_oauth_client": [
            {
              "client_id": "670511309643-s5mgl2vc9atd0qjdpju3n40jmrblfdt7.apps.googleusercontent.com",
              "client_type": 3
            }
          ]
        }
      }
    }
  ],
  "configuration_version": "1"
}